text,label
"Deep neural networks and transformer architectures have revolutionized natural language processing and computer vision tasks across the industry.",Artificial Intelligence
"Reinforcement learning agents learn optimal policies through reward signals, enabling breakthroughs in robotics and game playing.",Artificial Intelligence
"Large language models such as GPT and Llama are trained on massive text corpora using self-attention mechanisms.",Artificial Intelligence
"Convolutional neural networks extract spatial features from images for classification and object detection tasks.",Artificial Intelligence
"Generative adversarial networks pit two neural networks against each other to synthesize realistic images.",Artificial Intelligence
"Machine learning pipelines require careful feature engineering, model selection, and hyperparameter tuning for best results.",Artificial Intelligence
"Penetration testers exploit vulnerabilities in web applications to identify security weaknesses before attackers do.",Cyber Security
"Ransomware attacks encrypt victim files and demand cryptocurrency payment for the decryption key.",Cyber Security
"Zero-day vulnerabilities are exploited before vendors release a patch, making them highly dangerous.",Cyber Security
"Firewalls and intrusion detection systems monitor network traffic to block malicious activity in real time.",Cyber Security
"Phishing emails trick users into revealing credentials by impersonating trusted organizations.",Cyber Security
"Security researchers use threat intelligence feeds to track emerging malware families and attack campaigns.",Cyber Security
"Multi-tenant cloud architectures allow providers to isolate customer workloads on shared physical infrastructure.",Cloud Computing
"Kubernetes orchestrates containerized applications across clusters of virtual machines for scalability and resilience.",Cloud Computing
"Serverless computing lets developers deploy functions without provisioning or managing servers directly.",Cloud Computing
"Auto-scaling groups dynamically add or remove compute instances based on real-time traffic demand.",Cloud Computing
"Cloud storage services provide durable, redundant object storage accessible via simple APIs.",Cloud Computing
"Infrastructure as code tools like Terraform let teams version and automate cloud resource provisioning.",Cloud Computing
"Autonomous mobile robots use LIDAR and SLAM algorithms to navigate unknown warehouse environments.",Robotics
"Robotic arms with six degrees of freedom perform precise pick-and-place operations on assembly lines.",Robotics
"Swarm robotics research studies how large groups of simple robots coordinate to complete complex tasks.",Robotics
"Actuators and servo motors convert electrical signals into the mechanical motion of a robotic joint.",Robotics
"Humanoid robots rely on inverse kinematics to compute joint angles for stable bipedal walking.",Robotics
"Industrial robots increasingly use computer vision and force sensors for adaptive manufacturing tasks.",Robotics
"Blockchain ledgers use distributed consensus protocols to validate and record transactions without a central authority.",Blockchain
"Smart contracts execute automatically when predefined conditions are met on a blockchain network.",Blockchain
"Proof-of-stake consensus mechanisms are more energy efficient than traditional proof-of-work mining.",Blockchain
"Decentralized finance applications let users lend, borrow, and trade assets without traditional intermediaries.",Blockchain
"Non-fungible tokens represent unique digital assets recorded and verified on a blockchain.",Blockchain
"Cross-chain bridges allow assets to move between otherwise incompatible blockchain networks.",Blockchain
"5G networks provide higher bandwidth and lower latency, enabling new classes of connected devices.",Networking
"Software-defined networking separates the control plane from the data plane for more flexible network management.",Networking
"Border Gateway Protocol is used to exchange routing information between autonomous systems on the internet.",Networking
"Network segmentation limits the blast radius of a breach by isolating sensitive systems.",Networking
"Content delivery networks cache content closer to users to reduce latency and improve load times.",Networking
"VPN tunnels encrypt traffic between remote users and corporate networks over the public internet.",Networking
